{
  "name": "HR Manual App",
  "image": "mcr.microsoft.com/devcontainers/universal:2",
  "features": {
    "ghcr.io/devcontainers/features/java:1": {
      "version": "17",
      "installMaven": "true"
    },
    "ghcr.io/devcontainers/features/node:1": {
      "version": "18"
    }
  },
  "postCreateCommand": "cd frontend && npm install",
  "forwardPorts": [8080, 3000],
  "portsAttributes": {
    "8080": {
      "label": "Backend API",
      "onAutoForward": "notify"
    },
    "3000": {
      "label": "Frontend React App",
      "onAutoForward": "openBrowser"
    }
  },
  "customizations": {
    "vscode": {
      "extensions": [
        "vscjava.vscode-java-pack",
        "ms-vscode.vscode-typescript-next",
        "esbenp.prettier-vscode",
        "bradlc.vscode-tailwindcss"
      ]
    }
  }
} 